<application>
  <component name="AppStorage">
    <histories>
      <item value="utli" />
      <item value="字段" />
      <item value="排班授权" />
      <item value="所属大队" />
      <item value="亲属信息" />
      <item value="停飞时间" />
      <item value="退休时间" />
      <item value="关系" />
      <item value="技术等级升级信息" />
      <item value="文档" />
      <item value="常量" />
      <item value="Oracle Dialect" />
      <item value="OracleDialect" />
      <item value="Defines the constants that are used to identify generic  * SQL types, called JDBC types." />
      <item value="No suitable driver found for" />
      <item value="separator" />
      <item value="retrieve File Stream" />
      <item value="retrieveFileStream" />
      <item value="retrieveFile" />
      <item value="编码" />
      <item value="ice" />
      <item value="don't be Asshole" />
      <item value="混蛋" />
      <item value="hundan" />
      <item value="don't be ahoose" />
      <item value="don't be ahosse" />
      <item value="Number objects are compared using '==', not 'equals()' " />
      <item value="No identifier specified for entity: com.du.entity.BillEntity" />
      <item value="identifier" />
      <item value="Repository" />
      <item value="Respository" />
      <item value="merchant Single Number" />
      <item value="绝对" />
      <item value="exe Name" />
      <item value="billing_info is not mapped [select sum(pay_for_money) from billing_info where transaction_type = ?1]" />
      <item value="Validation failed for query for method public abstract java.lang.Integer com.du.mapper.BillEntityRespository.getSumMoney(java.lang.String)!" />
      <item value="billing_info is not mapped" />
      <item value="总支出" />
      <item value="INCOME" />
      <item value="支出" />
      <item value="outcome" />
      <item value="收入" />
      <item value="交易类型" />
      <item value="nullable" />
      <item value="mapper" />
      <item value="serial Version UID" />
      <item value="统计" />
      <item value="Analyze" />
      <item value="utlis" />
      <item value="main" />
    </histories>
    <option name="languageScores">
      <map>
        <entry key="CHINESE" value="51" />
        <entry key="ENGLISH" value="51" />
        <entry key="FRENCH" value="1" />
        <entry key="ROMANIAN" value="1" />
        <entry key="NORWEGIAN" value="1" />
        <entry key="PORTUGUESE" value="1" />
      </map>
    </option>
  </component>
</application>